id,first_name,last_name,email,gender,ip_address
1,Georgi,Birdwistle,gbirdwistle0@upenn.edu,Male,199.105.212.215
2,Ximenes,Rivaland,xrivaland1@dot.gov,Male,236.244.21.208
3,Hakeem,Hoyle,hhoyle2@slideshare.net,Male,215.202.191.133
4,Hubie,Carss,hcarss3@twitpic.com,Male,213.249.48.32
5,Allyn,Hinckesman,ahinckesman4@usa.gov,Female,143.217.79.1
6,Isaiah,Wetherell,iwetherell5@psu.edu,Male,174.159.233.219
7,Coretta,Rathbourne,crathbourne6@senate.gov,Female,172.73.31.153
8,Melony,Bouts,mbouts7@lulu.com,Female,12.240.19.129
9,Roderick,Hazelden,rhazelden8@hibu.com,Male,7.138.222.142
10,Vergil,Sweetmore,vsweetmore9@sun.com,Male,18.206.174.108
11,Gabriel,Attfield,gattfielda@icq.com,Male,45.192.106.87
12,Jasen,Finch,jfinchb@over-blog.com,Male,149.129.142.135
13,Retha,Spurden,rspurdenc@icio.us,Female,38.59.31.64
14,Rochester,Naptine,rnaptined@apache.org,Male,149.117.137.208
15,Arlene,Frantz,afrantze@independent.co.uk,Female,76.24.54.154
16,Mechelle,Mc Gee,mmcgeef@imageshack.us,Female,188.69.203.232
17,Rickert,Atyea,ratyeag@java.com,Male,94.68.65.138
18,Skyler,Eccersley,seccersleyh@devhub.com,Male,193.9.1.63
19,Willow,Shiels,wshielsi@pcworld.com,Female,57.38.1.0
20,Clerc,Grishinov,cgrishinovj@1688.com,Male,69.77.209.198
21,Burke,Tunnacliffe,btunnacliffek@pbs.org,Male,1.94.207.36
22,Anatollo,Bossons,abossonsl@scribd.com,Male,227.222.8.46
23,Faber,Delnevo,fdelnevom@forbes.com,Male,19.225.203.161
24,Pooh,Kurtis,pkurtisn@deviantart.com,Male,161.96.144.47
25,Barris,Frick,bfricko@fc2.com,Male,215.201.171.70
26,Eward,Pittwood,epittwoodp@ted.com,Male,114.163.147.58
27,Leupold,Kernocke,lkernockeq@usnews.com,Male,76.181.52.103
28,Alys,Sebastian,asebastianr@cornell.edu,Female,29.12.237.53
29,Risa,Blackburne,rblackburnes@ucsd.edu,Female,59.121.54.82
30,Layla,Pridgeon,lpridgeont@comsenz.com,Female,225.130.55.223
31,Jessika,MacCallister,jmaccallisteru@telegraph.co.uk,Female,179.221.86.175
32,Duane,Griston,dgristonv@answers.com,Male,0.246.55.244
33,Margaux,Verlinden,mverlindenw@amazon.com,Female,180.191.147.110
34,Lucius,Todman,ltodmanx@list-manage.com,Male,244.222.23.136
35,Loydie,Canto,lcantoy@hc360.com,Male,45.0.201.104
36,Erhard,Whitney,ewhitneyz@addtoany.com,Male,45.74.242.190
37,Waylon,Ethelston,wethelston10@sina.com.cn,Male,55.250.81.183
38,Guillaume,Starie,gstarie11@facebook.com,Male,82.233.17.221
39,Alanah,Tregunna,atregunna12@chicagotribune.com,Female,143.169.177.47
40,Colette,Krause,ckrause13@qq.com,Female,177.198.103.191
41,Marc,Filliskirk,mfilliskirk14@theglobeandmail.com,Male,155.16.237.107
42,Juanita,Laraway,jlaraway15@storify.com,Female,130.244.1.156
43,Lora,Mecozzi,lmecozzi16@mapquest.com,Female,202.230.142.127
44,Shirline,Bicker,sbicker17@fc2.com,Female,72.60.114.186
45,Zandra,De Bruijn,zdebruijn18@baidu.com,Female,24.200.225.187
46,Vasily,Osler,vosler19@dailymotion.com,Male,138.239.201.50
47,Hyman,Skittreal,hskittreal1a@hostgator.com,Male,49.72.135.11
48,Ailina,Uccelli,auccelli1b@mashable.com,Female,137.147.255.143
49,Verna,Culligan,vculligan1c@xrea.com,Female,160.124.179.221
50,Rabbi,Ellaman,rellaman1d@umich.edu,Male,119.148.207.224
51,Westbrook,Toulch,wtoulch1e@tuttocitta.it,Male,33.202.114.210
52,Sammie,Leteurtre,sleteurtre1f@yahoo.co.jp,Male,245.29.192.125
53,Antoinette,Peevor,apeevor1g@nhs.uk,Female,97.202.57.250
54,Annie,Allwright,aallwright1h@ed.gov,Female,36.89.41.25
55,Lindi,Lydiard,llydiard1i@hp.com,Female,218.215.207.140
56,Klarrisa,Fessions,kfessions1j@oracle.com,Female,165.164.202.148
57,Montgomery,Abelwhite,mabelwhite1k@pinterest.com,Male,100.140.119.144
58,Ruthi,Siggens,rsiggens1l@dropbox.com,Female,192.50.149.114
59,Aldwin,Salery,asalery1m@amazon.co.jp,Male,77.120.49.137
60,Abbott,Lightwing,alightwing1n@google.co.uk,Male,223.208.240.26
61,Rosa,Girardot,rgirardot1o@imdb.com,Female,156.29.6.171
62,Jackie,Simoneau,jsimoneau1p@umn.edu,Male,179.28.57.218
63,Adora,Titta,atitta1q@discuz.net,Female,238.200.210.95
64,Benn,Bewly,bbewly1r@kickstarter.com,Male,226.26.150.235
65,Herold,Poley,hpoley1s@time.com,Male,179.108.179.243
66,Christie,Kitteringham,ckitteringham1t@simplemachines.org,Male,175.232.59.13
67,Diann,Rickarsey,drickarsey1u@mapy.cz,Female,172.179.154.3
68,Elmore,Espadater,eespadater1v@nasa.gov,Male,124.186.207.218
69,Shelli,Gannicleff,sgannicleff1w@aboutads.info,Female,183.238.65.206
70,Clyde,Cromar,ccromar1x@last.fm,Male,41.187.169.26
71,Brinna,Peterson,bpeterson1y@arizona.edu,Female,139.251.191.94
72,Matty,Longfoot,mlongfoot1z@wp.com,Male,247.156.153.182
73,Enid,Farnan,efarnan20@a8.net,Female,73.40.91.99
74,Neville,Carlon,ncarlon21@bloglines.com,Male,147.66.18.53
75,Job,Grayson,jgrayson22@wiley.com,Male,46.208.107.33
76,Roselia,Brunsen,rbrunsen23@slate.com,Female,197.123.135.166
77,Cecilio,Watkinson,cwatkinson24@about.com,Male,19.151.72.39
78,Audra,Fee,afee25@desdev.cn,Female,104.168.62.5
79,Lenore,Steffan,lsteffan26@bravesites.com,Female,141.112.163.113
80,Luise,Vaugham,lvaugham27@free.fr,Female,148.90.79.120
81,Kally,Cristea,kcristea28@ning.com,Female,151.35.228.102
82,Cyril,Reddan,creddan29@com.com,Male,131.197.187.75
83,Brnaby,Leadstone,bleadstone2a@goo.ne.jp,Male,22.230.118.232
84,Bronny,Ife,bife2b@abc.net.au,Male,163.186.28.140
85,Shaylynn,Marages,smarages2c@blogger.com,Female,152.144.140.79
86,Berget,Bohler,bbohler2d@telegraph.co.uk,Female,86.82.140.209
87,Maximo,Bracer,mbracer2e@addtoany.com,Male,168.39.46.17
88,Randal,Overton,roverton2f@zdnet.com,Male,112.186.94.79
89,Sandro,Byway,sbyway2g@barnesandnoble.com,Male,34.1.134.101
90,Eddy,Nettleship,enettleship2h@netscape.com,Male,11.200.203.10
91,Cesaro,Tatterton,ctatterton2i@canalblog.com,Male,193.159.27.238
92,Idell,Andrys,iandrys2j@edublogs.org,Female,74.19.209.243
93,Hamnet,Seaborne,hseaborne2k@clickbank.net,Male,211.140.53.26
94,Hervey,Bullcock,hbullcock2l@quantcast.com,Male,111.50.42.143
95,Zsa zsa,McKerron,zmckerron2m@squarespace.com,Female,147.124.179.37
96,Jessi,McCathay,jmccathay2n@behance.net,Female,16.245.140.193
97,Bartholomeus,Harrower,bharrower2o@drupal.org,Male,10.183.20.130
98,Theodosia,Stockill,tstockill2p@latimes.com,Female,219.102.236.178
99,Nickola,Crain,ncrain2q@e-recht24.de,Male,163.114.134.166
100,Lindi,Danit,ldanit2r@hao123.com,Female,174.203.136.67
101,Beaufort,Drioli,bdrioli2s@eventbrite.com,Male,30.237.116.55
102,Daryn,Mecozzi,dmecozzi2t@ucsd.edu,Female,197.52.145.68
103,Lance,Rhoades,lrhoades2u@indiegogo.com,Male,58.222.254.198
104,Ora,Padberry,opadberry2v@wp.com,Female,98.33.74.243
105,Myranda,Spellessy,mspellessy2w@marketwatch.com,Female,29.159.244.195
106,Yalonda,Stead,ystead2x@cam.ac.uk,Female,66.187.235.11
107,Mycah,Fielder,mfielder2y@dot.gov,Male,173.220.94.206
108,Maria,Attride,mattride2z@google.it,Female,75.240.43.57
109,Florenza,Cansdill,fcansdill30@e-recht24.de,Female,160.132.46.75
110,Travers,Dallinder,tdallinder31@princeton.edu,Male,7.110.15.189
111,Zachariah,Farlamb,zfarlamb32@ezinearticles.com,Male,112.183.9.163
112,Sutton,Coley,scoley33@businessweek.com,Male,60.89.94.195
113,Gracie,Badham,gbadham34@cnbc.com,Female,175.62.241.196
114,Brady,Pinock,bpinock35@1688.com,Male,45.70.112.20
115,Gilli,Gollin,ggollin36@hexun.com,Female,169.104.210.135
116,Yardley,Feldklein,yfeldklein37@spiegel.de,Male,87.51.143.160
117,Giustina,Tomasi,gtomasi38@businessinsider.com,Female,248.223.118.204
118,Lissie,Girkins,lgirkins39@boston.com,Female,56.148.68.152
119,Zilvia,Logie,zlogie3a@fc2.com,Female,121.139.92.75
120,Moreen,Bruin,mbruin3b@zdnet.com,Female,33.196.128.28
121,Ermina,MacNockater,emacnockater3c@youku.com,Female,61.34.220.201
122,Giff,Coker,gcoker3d@marketwatch.com,Male,187.129.213.194
123,Leland,Martinon,lmartinon3e@stanford.edu,Female,253.74.54.189
124,Bond,Kenton,bkenton3f@dailymotion.com,Male,20.151.170.193
125,Obed,Polkinhorn,opolkinhorn3g@dion.ne.jp,Male,154.80.65.243
126,Burgess,Wildin,bwildin3h@samsung.com,Male,28.152.53.143
127,Lizzy,Bottrell,lbottrell3i@miitbeian.gov.cn,Female,229.3.13.27
128,Sherline,Crabtree,scrabtree3j@abc.net.au,Female,73.150.87.21
129,Marco,Timbridge,mtimbridge3k@nyu.edu,Male,28.175.74.34
130,Abbe,Scandred,ascandred3l@ucoz.ru,Female,47.99.26.7
131,Doris,Aubray,daubray3m@mtv.com,Female,17.88.158.114
132,Bernadette,Chsteney,bchsteney3n@360.cn,Female,57.64.75.12
133,Randolf,Carrack,rcarrack3o@sohu.com,Male,194.176.34.19
134,Dulci,Clowley,dclowley3p@diigo.com,Female,162.221.234.172
135,Rubie,Wibberley,rwibberley3q@linkedin.com,Female,139.80.145.31
136,Dalston,Lindborg,dlindborg3r@mtv.com,Male,190.15.179.56
137,Bancroft,Simonds,bsimonds3s@goodreads.com,Male,188.231.107.69
138,Cynthy,Beade,cbeade3t@ibm.com,Female,207.178.161.230
139,Darelle,Antoniottii,dantoniottii3u@multiply.com,Female,194.169.221.203
140,Tildi,Sutherley,tsutherley3v@addtoany.com,Female,159.209.104.157
141,Ryun,Snarr,rsnarr3w@tamu.edu,Male,187.173.121.136
142,Gwenora,Fishpoole,gfishpoole3x@com.com,Female,16.210.159.57
143,Cati,Draysay,cdraysay3y@nifty.com,Female,236.165.149.248
144,Cad,McKain,cmckain3z@last.fm,Male,211.44.178.7
145,Emalee,Cheale,echeale40@reverbnation.com,Female,138.135.198.116
146,Emmet,McHaffy,emchaffy41@ted.com,Male,83.37.8.175
147,Stillmann,Legan,slegan42@nyu.edu,Male,18.222.103.15
148,Juieta,Hurlston,jhurlston43@merriam-webster.com,Female,79.149.230.206
149,Mandy,Lambersen,mlambersen44@yellowpages.com,Female,56.177.251.145
150,Geralda,Staten,gstaten45@japanpost.jp,Female,251.145.28.214
151,Daune,Garci,dgarci46@zimbio.com,Female,136.201.92.99
152,Corney,Dade,cdade47@howstuffworks.com,Male,139.144.1.88
153,Orazio,Bowles,obowles48@merriam-webster.com,Male,217.195.24.31
154,Winna,Croxley,wcroxley49@reuters.com,Female,164.95.223.170
155,Jens,Akehurst,jakehurst4a@github.io,Male,206.194.39.127
156,Corbet,Scase,cscase4b@printfriendly.com,Male,101.43.171.162
157,Lindsay,Sloat,lsloat4c@eventbrite.com,Male,123.83.191.146
158,Kristy,Damper,kdamper4d@bravesites.com,Female,11.224.68.60
159,Lurline,Alsina,lalsina4e@php.net,Female,70.39.221.242
160,Gusella,Killingback,gkillingback4f@blinklist.com,Female,146.201.162.95
161,Donaugh,Sambidge,dsambidge4g@mozilla.org,Male,129.179.143.175
162,Virgil,Claughton,vclaughton4h@deviantart.com,Male,133.44.231.242
163,Brockie,Turtle,bturtle4i@dot.gov,Male,32.20.81.180
164,Sybil,Bes,sbes4j@ca.gov,Female,2.6.245.27
165,Gerek,Tesimon,gtesimon4k@ebay.com,Male,43.204.42.132
166,Marsiella,Buckberry,mbuckberry4l@tumblr.com,Female,80.15.117.149
167,Kellsie,Oades,koades4m@deliciousdays.com,Female,31.195.252.102
168,Laina,Budget,lbudget4n@ucla.edu,Female,121.31.224.35
169,Serge,Phippen,sphippen4o@miitbeian.gov.cn,Male,164.35.201.173
170,Dirk,Esilmon,desilmon4p@bbc.co.uk,Male,134.112.9.252
171,Emilio,Deverille,edeverille4q@ocn.ne.jp,Male,101.122.197.108
172,Lesly,Aspenlon,laspenlon4r@columbia.edu,Female,241.100.240.246
173,Alexine,Sorsbie,asorsbie4s@toplist.cz,Female,216.140.147.124
174,Roseann,Ruhben,rruhben4t@walmart.com,Female,149.234.4.243
175,Bev,Croisier,bcroisier4u@abc.net.au,Male,24.210.183.83
176,Lancelot,Phebee,lphebee4v@reverbnation.com,Male,126.105.75.24
177,Chloris,Simms,csimms4w@samsung.com,Female,33.10.86.101
178,Kippy,Scherme,kscherme4x@google.cn,Female,117.22.251.62
179,Fonz,Lockhart,flockhart4y@icq.com,Male,101.162.77.173
180,Kele,Coplestone,kcoplestone4z@live.com,Male,83.156.221.39
181,Em,Hek,ehek50@tumblr.com,Male,85.52.66.74
182,Orelia,Shepcutt,oshepcutt51@mediafire.com,Female,92.140.255.211
183,Vernen,Struys,vstruys52@nationalgeographic.com,Male,130.42.229.47
184,Ike,Stuffins,istuffins53@guardian.co.uk,Male,86.129.234.243
185,Maurits,Fleay,mfleay54@foxnews.com,Male,194.110.96.47
186,Ky,Noot,knoot55@comcast.net,Male,8.173.50.135
187,Lewiss,Ferrar,lferrar56@tripadvisor.com,Male,44.110.186.2
188,Ange,Dyka,adyka57@reddit.com,Male,249.233.22.37
189,Mella,Jaskowicz,mjaskowicz58@4shared.com,Female,27.236.186.119
190,Broddy,Iannuzzi,biannuzzi59@cnbc.com,Male,138.239.96.242
191,Jeno,Verillo,jverillo5a@mediafire.com,Male,36.19.143.114
192,Charmane,Brimfield,cbrimfield5b@weebly.com,Female,169.236.73.174
193,Giuseppe,Dillow,gdillow5c@i2i.jp,Male,179.248.243.77
194,Kynthia,Cadigan,kcadigan5d@rakuten.co.jp,Female,85.96.123.22
195,Modestia,Tuft,mtuft5e@t.co,Female,190.234.201.14
196,Casie,Maggill'Andreis,cmaggillandreis5f@bizjournals.com,Female,23.210.14.209
197,Miller,Grave,mgrave5g@discovery.com,Male,80.141.95.26
198,Easter,Cramphorn,ecramphorn5h@last.fm,Female,54.76.246.135
199,Tandy,Apedaile,tapedaile5i@upenn.edu,Female,34.225.82.173
200,Sissy,Waliszek,swaliszek5j@huffingtonpost.com,Female,4.1.122.188
201,Binnie,Dary,bdary5k@mlb.com,Female,14.118.58.71
202,Marilyn,Wolseley,mwolseley5l@tamu.edu,Female,28.91.81.50
203,Melamie,Roughan,mroughan5m@dailymotion.com,Female,177.249.45.221
204,Barde,Garlicke,bgarlicke5n@nasa.gov,Male,167.201.243.167
205,Margarette,Yanez,myanez5o@desdev.cn,Female,65.53.93.127
206,Lindy,Shurville,lshurville5p@163.com,Female,20.168.192.139
207,Konstantine,Skedge,kskedge5q@sourceforge.net,Male,224.51.254.53
208,Agosto,Sloyan,asloyan5r@moonfruit.com,Male,229.251.237.186
209,Viva,Mesias,vmesias5s@nymag.com,Female,233.81.254.68
210,Andrea,McKoy,amckoy5t@hatena.ne.jp,Male,99.86.115.121
211,Alfie,Yukhin,ayukhin5u@si.edu,Female,133.195.104.253
212,Wolfie,Cowl,wcowl5v@t-online.de,Male,214.200.218.191
213,Timoteo,Cartwright,tcartwright5w@msn.com,Male,32.209.155.29
214,Taylor,Kann,tkann5x@skyrock.com,Male,183.150.114.240
215,Joe,Artindale,jartindale5y@google.co.jp,Male,72.98.27.3
216,Ricardo,Runcieman,rruncieman5z@facebook.com,Male,192.95.216.85
217,Ariel,Dwerryhouse,adwerryhouse60@adobe.com,Female,98.50.157.63
218,Yul,Gerrey,ygerrey61@shop-pro.jp,Male,30.19.126.180
219,Meris,Trotton,mtrotton62@imageshack.us,Female,69.226.191.10
220,Tobiah,Domaschke,tdomaschke63@mashable.com,Male,101.139.8.89
221,Giselbert,Shale,gshale64@sitemeter.com,Male,111.130.63.126
222,Chico,Harradence,charradence65@home.pl,Male,199.165.185.22
223,Cathrine,Timson,ctimson66@tamu.edu,Female,134.124.99.184
224,Verina,Kennedy,vkennedy67@scribd.com,Female,145.4.132.225
225,Thelma,Anderer,tanderer68@acquirethisname.com,Female,69.134.127.99
226,Gabie,Adelsberg,gadelsberg69@indiegogo.com,Female,98.177.232.87
227,Alden,Marke,amarke6a@clickbank.net,Male,85.126.193.136
228,Tiffani,Ainge,tainge6b@blogtalkradio.com,Female,40.15.138.14
229,Sabina,Bransby,sbransby6c@shop-pro.jp,Female,195.201.149.116
230,Cecil,Elleray,celleray6d@ucla.edu,Male,126.217.61.246
231,Fania,Swepson,fswepson6e@youtu.be,Female,29.108.162.47
232,Moss,Bowra,mbowra6f@redcross.org,Male,99.19.150.171
233,Loren,Grzegorecki,lgrzegorecki6g@a8.net,Female,34.245.205.195
234,Danella,Sheards,dsheards6h@squidoo.com,Female,26.2.241.145
235,Martica,Metterick,mmetterick6i@miibeian.gov.cn,Female,183.74.213.98
236,Jyoti,Kirimaa,jkirimaa6j@blog.com,Female,158.137.18.176
237,Esmaria,Ussher,eussher6k@phpbb.com,Female,209.174.231.61
238,Dennie,Clewes,dclewes6l@google.com.hk,Male,191.28.31.218
239,Neile,Kimbley,nkimbley6m@bloglovin.com,Female,175.203.211.0
240,Kayne,Cruise,kcruise6n@yandex.ru,Male,219.184.49.255
241,Caryl,Hawken,chawken6o@paypal.com,Female,111.14.83.144
242,Ruddie,Jayes,rjayes6p@vinaora.com,Male,145.82.87.90
243,Francklyn,Everley,feverley6q@surveymonkey.com,Male,50.206.17.254
244,Lolly,Hammerson,lhammerson6r@hhs.gov,Female,173.27.182.65
245,Briant,Gillice,bgillice6s@booking.com,Male,41.76.45.22
246,Rudolf,McCoole,rmccoole6t@paypal.com,Male,61.78.211.50
247,Owen,Kemwall,okemwall6u@ycombinator.com,Male,237.168.242.252
248,Shamus,Shales,sshales6v@vkontakte.ru,Male,155.228.246.155
249,Lars,Mannie,lmannie6w@webmd.com,Male,100.246.242.235
250,Donovan,Fontell,dfontell6x@xing.com,Male,15.90.112.113
251,Celinka,Sangwine,csangwine6y@harvard.edu,Female,239.243.239.165
252,Paolo,Ravelus,pravelus6z@cnet.com,Male,42.192.38.107
253,Chucho,Trusler,ctrusler70@yellowpages.com,Male,241.250.28.255
254,Lou,Alfwy,lalfwy71@marriott.com,Male,28.137.109.208
255,Mose,Engel,mengel72@europa.eu,Male,210.82.83.112
256,Ciro,Clutterbuck,cclutterbuck73@alexa.com,Male,192.198.201.148
257,Reinaldo,Gaskarth,rgaskarth74@goo.ne.jp,Male,211.32.232.36
258,Rudy,Gooderridge,rgooderridge75@soup.io,Male,211.102.89.90
259,Domenico,Ulyat,dulyat76@mediafire.com,Male,41.94.196.249
260,Kelbee,Berryman,kberryman77@alexa.com,Male,90.92.56.101
261,Welsh,Blabey,wblabey78@mtv.com,Male,131.235.155.235
262,Adrien,Cayton,acayton79@blogger.com,Male,39.158.253.44
263,Phillie,Deal,pdeal7a@wordpress.com,Female,189.91.182.60
264,Jacqueline,Baldwin,jbaldwin7b@nydailynews.com,Female,8.19.224.23
265,Brander,Suston,bsuston7c@princeton.edu,Male,29.176.171.18
266,Wendall,Oliveto,woliveto7d@statcounter.com,Male,68.181.182.1
267,Orazio,Shorter,oshorter7e@privacy.gov.au,Male,195.91.207.85
268,Ambrosi,Donegan,adonegan7f@shareasale.com,Male,180.156.239.30
269,Orson,Petrecz,opetrecz7g@apple.com,Male,183.22.134.36
270,Ardelis,Wagnerin,awagnerin7h@sciencedirect.com,Female,90.20.46.62
271,Sig,Vicar,svicar7i@soundcloud.com,Male,177.141.28.199
272,Nilson,Benford,nbenford7j@chronoengine.com,Male,179.69.0.74
273,Milton,Abbotts,mabbotts7k@gov.uk,Male,172.49.14.13
274,Fonz,Cesco,fcesco7l@eepurl.com,Male,102.153.50.162
275,Annis,Braksper,abraksper7m@t.co,Female,60.79.248.18
276,Tiebout,Bolletti,tbolletti7n@newsvine.com,Male,79.113.66.5
277,Anabal,Trevaskis,atrevaskis7o@gravatar.com,Female,231.8.11.97
278,Hettie,Storah,hstorah7p@dell.com,Female,38.176.180.185
279,Chickie,Butland,cbutland7q@virginia.edu,Female,7.20.116.0
280,Jeddy,Ruppeli,jruppeli7r@microsoft.com,Male,106.117.61.69
281,Dudley,Rubinek,drubinek7s@friendfeed.com,Male,245.220.183.192
282,Daniela,Nevill,dnevill7t@delicious.com,Female,196.48.166.80
283,Vasilis,Towsey,vtowsey7u@wix.com,Male,224.17.217.175
284,Barney,Dorken,bdorken7v@google.ru,Male,68.34.252.114
285,Eveleen,Spottiswoode,espottiswoode7w@discovery.com,Female,200.34.63.233
286,Zarla,Annwyl,zannwyl7x@google.com.br,Female,186.72.54.16
287,Marianna,Chillingworth,mchillingworth7y@independent.co.uk,Female,186.252.194.32
288,Nerte,Pryce,npryce7z@edublogs.org,Female,146.206.83.81
289,Sylvan,Abramovitch,sabramovitch80@elegantthemes.com,Male,174.184.11.81
290,Bobbie,Millin,bmillin81@google.com.hk,Male,107.244.133.65
291,Melinde,Colam,mcolam82@purevolume.com,Female,189.244.34.123
292,Pennie,L'oiseau,ploiseau83@hud.gov,Male,254.207.157.192
293,Tabbatha,Sauter,tsauter84@squarespace.com,Female,172.34.16.200
294,Zebulon,Anderl,zanderl85@answers.com,Male,162.20.19.111
295,Mattheus,Tilson,mtilson86@live.com,Male,25.125.94.167
296,Annadiane,Willgress,awillgress87@example.com,Female,63.55.78.172
297,Trey,Pechan,tpechan88@addtoany.com,Male,34.41.236.38
298,El,Hattam,ehattam89@myspace.com,Male,163.78.186.176
299,Harper,Kruschev,hkruschev8a@cocolog-nifty.com,Male,111.47.146.148
300,Isadora,Dyble,idyble8b@cpanel.net,Female,121.72.230.86
301,Goldia,Downes,gdownes8c@vk.com,Female,97.98.207.94
302,Christabel,Cousans,ccousans8d@netlog.com,Female,203.21.143.113
303,Eran,Hindenburg,ehindenburg8e@dedecms.com,Female,186.233.45.126
304,Kermie,Craine,kcraine8f@statcounter.com,Male,0.215.228.237
305,Rafa,Sambath,rsambath8g@wikipedia.org,Female,36.103.100.255
306,Adi,Kaiser,akaiser8h@discuz.net,Female,103.1.125.229
307,Jozef,Gatcliff,jgatcliff8i@shareasale.com,Male,217.99.102.241
308,Glenda,Linnard,glinnard8j@fotki.com,Female,245.210.140.104
309,Jone,Daykin,jdaykin8k@home.pl,Male,0.56.15.135
310,Hollis,Geharke,hgeharke8l@cbsnews.com,Male,115.159.8.102
311,Atlanta,O'Loughane,aoloughane8m@yahoo.com,Female,61.140.125.85
312,Waneta,Terris,wterris8n@irs.gov,Female,100.163.68.72
313,Jock,Glazer,jglazer8o@noaa.gov,Male,36.250.84.90
314,Maison,Plank,mplank8p@ucsd.edu,Male,149.191.111.234
315,Nanon,Morfield,nmorfield8q@smh.com.au,Female,74.176.31.48
316,Sid,Antonowicz,santonowicz8r@naver.com,Male,21.239.38.112
317,Scotti,Kirstein,skirstein8s@xrea.com,Male,126.34.154.241
318,Shelton,Colvine,scolvine8t@tinyurl.com,Male,84.165.134.174
319,Roselin,Mitham,rmitham8u@exblog.jp,Female,253.28.211.198
320,Matilde,Gude,mgude8v@linkedin.com,Female,41.33.164.13
321,Bernie,Bowdler,bbowdler8w@parallels.com,Male,187.68.172.46
322,Osbourne,Farrant,ofarrant8x@goo.gl,Male,139.108.44.152
323,Winston,Tolworthy,wtolworthy8y@abc.net.au,Male,81.36.93.189
324,Patty,Gook,pgook8z@parallels.com,Female,240.11.201.61
325,Gasparo,Dinnington,gdinnington90@hugedomains.com,Male,160.184.133.233
326,Lenna,Matzkaitis,lmatzkaitis91@columbia.edu,Female,86.50.179.135
327,Alyce,Jenny,ajenny92@i2i.jp,Female,173.255.110.211
328,Cordula,Boxhill,cboxhill93@ycombinator.com,Female,120.175.155.28
329,Gwynne,Laminman,glaminman94@livejournal.com,Female,114.232.23.222
330,Ginnifer,Kinnaird,gkinnaird95@cnbc.com,Female,251.28.192.62
331,Binny,Revie,brevie96@sogou.com,Female,165.91.103.223
332,Lilias,Donneely,ldonneely97@seattletimes.com,Female,48.58.40.218
333,Margarette,Calderonello,mcalderonello98@mlb.com,Female,237.54.100.132
334,Wesley,Patshull,wpatshull99@wix.com,Male,17.171.153.238
335,Zeke,Hatherley,zhatherley9a@dagondesign.com,Male,137.15.94.36
336,Buffy,Fasset,bfasset9b@howstuffworks.com,Female,51.0.122.63
337,Raina,Silkstone,rsilkstone9c@usa.gov,Female,69.124.11.239
338,Barris,Vickers,bvickers9d@redcross.org,Male,104.217.92.227
339,Goraud,Jewsbury,gjewsbury9e@ibm.com,Male,220.143.156.220
340,Luz,Hafford,lhafford9f@theguardian.com,Female,57.240.48.23
341,Pauly,Quade,pquade9g@ihg.com,Female,180.185.130.250
342,Tine,Pynner,tpynner9h@webeden.co.uk,Female,48.25.134.53
343,Elayne,Forward,eforward9i@latimes.com,Female,46.132.40.23
344,Ivan,Kops,ikops9j@quantcast.com,Male,160.57.108.243
345,Lemar,Lightwing,llightwing9k@weibo.com,Male,54.253.252.64
346,Christie,Tyrie,ctyrie9l@bbc.co.uk,Male,146.2.251.105
347,Meghan,Neath,mneath9m@xrea.com,Female,70.234.138.200
348,Leena,Ponte,lponte9n@redcross.org,Female,113.183.58.164
349,Nanete,Whitcombe,nwhitcombe9o@hp.com,Female,142.104.54.71
350,Loy,Angeau,langeau9p@t-online.de,Male,78.107.84.14
351,Dionysus,Danielis,ddanielis9q@shop-pro.jp,Male,24.91.39.59
352,Freddy,Ledson,fledson9r@bluehost.com,Male,220.53.207.92
353,Margareta,Loomes,mloomes9s@livejournal.com,Female,41.96.254.228
354,Gerek,Bartalucci,gbartalucci9t@cargocollective.com,Male,73.223.129.101
355,Ellette,Andrys,eandrys9u@blogspot.com,Female,213.59.225.254
356,Sibyl,Donaghie,sdonaghie9v@va.gov,Female,244.88.199.86
357,Ainslee,Chattell,achattell9w@github.io,Female,131.17.60.210
358,Freedman,Headly,fheadly9x@xing.com,Male,137.178.238.25
359,Filbert,Babalola,fbabalola9y@studiopress.com,Male,48.125.242.187
360,Ned,Recke,nrecke9z@reference.com,Male,0.105.124.196
361,Maurice,Shoebridge,mshoebridgea0@webs.com,Male,106.52.160.157
362,Orland,Jarritt,ojarritta1@xrea.com,Male,2.163.126.243
363,Aurie,Neligan,aneligana2@redcross.org,Female,86.100.199.155
364,Josefina,Ollerearnshaw,jollerearnshawa3@telegraph.co.uk,Female,94.119.236.49
365,Adan,Beckmann,abeckmanna4@ow.ly,Female,59.179.248.125
366,Hastie,Ollin,hollina5@senate.gov,Male,160.169.85.104
367,Berny,Rivel,brivela6@wisc.edu,Female,133.118.181.205
368,Maiga,Manklow,mmanklowa7@youtu.be,Female,149.116.248.2
369,Amerigo,Stadding,astaddinga8@webmd.com,Male,193.229.111.181
370,Bethanne,Van Cassel,bvancassela9@gravatar.com,Female,134.111.64.229
371,Harri,Ewebank,hewebankaa@ask.com,Female,107.144.216.112
372,Ailene,Conduit,aconduitab@yellowbook.com,Female,232.92.227.155
373,Charyl,Keune,ckeuneac@ycombinator.com,Female,96.236.17.127
374,Creighton,Delahunty,cdelahuntyad@jigsy.com,Male,69.178.42.224
375,Robena,Reany,rreanyae@tinyurl.com,Female,156.180.169.223
376,Zebulen,Healings,zhealingsaf@hhs.gov,Male,122.163.205.238
377,Vonnie,Beardsall,vbeardsallag@bravesites.com,Female,49.115.200.7
378,Rudie,Hundell,rhundellah@gnu.org,Male,43.92.11.246
379,Curr,Cushe,ccusheai@bloglines.com,Male,52.113.63.3
380,Annabell,Concannon,aconcannonaj@chron.com,Female,45.227.123.62
381,Gray,Bramelt,gbrameltak@senate.gov,Male,97.20.88.64
382,Perri,Tibb,ptibbal@baidu.com,Female,213.167.137.141
383,Giustino,Ellerker,gellerkeram@ning.com,Male,155.157.32.210
384,Theodosia,Yakhin,tyakhinan@example.com,Female,250.64.7.81
385,Annelise,Henaughan,ahenaughanao@fotki.com,Female,80.201.238.139
386,Gavin,Finnis,gfinnisap@scientificamerican.com,Male,79.161.64.187
387,Marcile,Sefton,mseftonaq@dyndns.org,Female,103.173.111.231
388,Clemmy,Jouhan,cjouhanar@addtoany.com,Female,211.91.192.6
389,Elysha,McBryde,emcbrydeas@amazon.co.uk,Female,179.48.50.223
390,Estell,Masarrat,emasarratat@tripadvisor.com,Female,224.159.109.119
391,Judas,Barks,jbarksau@zdnet.com,Male,131.173.247.82
392,Bethena,Leeman,bleemanav@arstechnica.com,Female,20.230.100.68
393,Terrance,Lebreton,tlebretonaw@blogspot.com,Male,242.51.15.255
394,Nady,Culter,nculterax@dagondesign.com,Female,10.215.187.132
395,Joelle,Mucklestone,jmucklestoneay@soup.io,Female,131.32.49.97
396,Elna,Franceschi,efranceschiaz@oakley.com,Female,165.200.18.144
397,Albertine,Santus,asantusb0@is.gd,Female,174.223.105.180
398,Hodge,Wallis,hwallisb1@businesswire.com,Male,118.103.76.34
399,Ali,Sallows,asallowsb2@dot.gov,Male,168.104.115.162
400,Christoforo,Pflieger,cpfliegerb3@indiegogo.com,Male,170.239.177.192
401,Crin,Scutchings,cscutchingsb4@fda.gov,Female,130.142.249.186
402,Hattie,Edelheid,hedelheidb5@gov.uk,Female,176.9.197.33
403,Roxine,Schwartz,rschwartzb6@cargocollective.com,Female,56.154.132.63
404,Byrom,Dilliway,bdilliwayb7@tinyurl.com,Male,174.10.230.150
405,Richie,Carslake,rcarslakeb8@goo.ne.jp,Male,122.186.230.181
406,Alair,Kenrat,akenratb9@imageshack.us,Male,104.204.114.202
407,Estel,Lembcke,elembckeba@altervista.org,Female,132.72.237.153
408,Roxine,Klampt,rklamptbb@friendfeed.com,Female,160.114.167.207
409,Melanie,Scrowby,mscrowbybc@macromedia.com,Female,206.120.217.14
410,Elmore,McTeggart,emcteggartbd@gravatar.com,Male,47.179.103.148
411,Kai,Rawlin,krawlinbe@smh.com.au,Female,10.101.204.110
412,Baxie,Rosebotham,brosebothambf@bbb.org,Male,222.191.163.205
413,Latrina,Cordova,lcordovabg@blogtalkradio.com,Female,125.56.67.134
414,Calla,Newall,cnewallbh@1688.com,Female,180.91.127.54
415,Kippy,D'Ambrogi,kdambrogibi@about.me,Male,45.158.102.64
416,Nobe,Gallimore,ngallimorebj@pcworld.com,Male,231.57.43.216
417,Eddy,Beeton,ebeetonbk@howstuffworks.com,Female,134.30.7.9
418,Olwen,Littley,olittleybl@acquirethisname.com,Female,211.196.110.244
419,Elwira,Petrishchev,epetrishchevbm@deviantart.com,Female,192.6.128.83
420,Virginia,Pree,vpreebn@huffingtonpost.com,Female,187.118.215.162
421,Tracee,Josefsen,tjosefsenbo@wikipedia.org,Female,147.239.223.157
422,Addy,Ojeda,aojedabp@engadget.com,Male,42.1.7.187
423,Luce,Baynon,lbaynonbq@diigo.com,Male,144.86.28.192
424,Johnathan,Brimmell,jbrimmellbr@tuttocitta.it,Male,162.104.222.229
425,Fredericka,Scarlin,fscarlinbs@godaddy.com,Female,65.19.110.98
426,Tamera,Myring,tmyringbt@live.com,Female,192.166.149.143
427,Lavena,Mardell,lmardellbu@pagesperso-orange.fr,Female,88.74.246.129
428,Nona,Horney,nhorneybv@livejournal.com,Female,127.49.228.5
429,Dorothea,Carragher,dcarragherbw@example.com,Female,29.50.146.129
430,Inger,Ciric,iciricbx@zimbio.com,Male,64.201.183.215
431,Florinda,Zini,fziniby@de.vu,Female,109.239.156.193
432,Alaric,Rasper,arasperbz@youku.com,Male,112.211.217.27
433,Deeanne,Buxsy,dbuxsyc0@theguardian.com,Female,196.27.163.30
434,Harv,Corker,hcorkerc1@telegraph.co.uk,Male,50.250.202.43
435,Gram,D'Orsay,gdorsayc2@webeden.co.uk,Male,68.124.242.124
436,Robinia,Wanjek,rwanjekc3@constantcontact.com,Female,171.33.148.135
437,Bram,Olivazzi,bolivazzic4@java.com,Male,84.177.18.213
438,Carny,Cogar,ccogarc5@flavors.me,Male,107.115.43.68
439,Tedra,Zealey,tzealeyc6@census.gov,Female,195.77.26.62
440,Annecorinne,Bushby,abushbyc7@skyrock.com,Female,220.216.94.110
441,Rubin,Fennelow,rfennelowc8@github.com,Male,42.124.253.158
442,Carry,Yates,cyatesc9@bluehost.com,Female,157.47.177.164
443,Oliy,Gilbank,ogilbankca@tinypic.com,Female,68.66.150.148
444,Emmanuel,Jancy,ejancycb@sitemeter.com,Male,52.255.230.148
445,George,Keets,gkeetscc@meetup.com,Male,110.58.66.196
446,Carolann,Conen,cconencd@usa.gov,Female,1.7.211.239
447,Simonette,Delagua,sdelaguace@netscape.com,Female,221.144.62.196
448,Rosalynd,Downing,rdowningcf@flickr.com,Female,68.233.175.107
449,Marlo,Duckering,mduckeringcg@webnode.com,Female,177.198.111.180
450,Roda,Stickles,rsticklesch@guardian.co.uk,Female,239.185.155.38
451,Gleda,Coburn,gcoburnci@so-net.ne.jp,Female,182.190.181.77
452,Annaliese,Gowling,agowlingcj@prweb.com,Female,255.219.157.193
453,Vincenz,McGiffin,vmcgiffinck@geocities.com,Male,248.18.171.102
454,Jodi,Huckleby,jhucklebycl@buzzfeed.com,Female,34.175.8.43
455,Milty,McGoldrick,mmcgoldrickcm@nih.gov,Male,178.85.54.108
456,Zara,Loudyan,zloudyancn@unesco.org,Female,112.183.138.139
457,Katharina,Pattullo,kpattulloco@devhub.com,Female,45.107.216.158
458,Hurley,Gowen,hgowencp@narod.ru,Male,97.236.245.174
459,Peyter,Goodbourn,pgoodbourncq@seattletimes.com,Male,188.54.177.49
460,Aurilia,Oldam,aoldamcr@w3.org,Female,177.69.73.234
461,Renard,Gabbitis,rgabbitiscs@privacy.gov.au,Male,65.166.8.227
462,Park,Melmar,pmelmarct@redcross.org,Male,147.247.82.61
463,Mendie,Lumley,mlumleycu@gizmodo.com,Male,12.248.84.139
464,Rickie,McCafferky,rmccafferkycv@youtu.be,Female,158.214.168.164
465,Sheilah,Corradetti,scorradetticw@twitpic.com,Female,141.244.184.112
466,Duke,Pummell,dpummellcx@bloomberg.com,Male,104.140.79.117
467,Jyoti,Westcar,jwestcarcy@ted.com,Female,49.115.214.62
468,Raoul,Vevers,rveverscz@tripod.com,Male,232.200.84.74
469,Bette,Node,bnoded0@xing.com,Female,33.119.183.239
470,Kimberli,Murkitt,kmurkittd1@mediafire.com,Female,92.119.180.246
471,Ilene,Peatman,ipeatmand2@so-net.ne.jp,Female,198.254.65.136
472,Chico,Armour,carmourd3@miibeian.gov.cn,Male,63.201.194.40
473,Fidelio,Cabble,fcabbled4@chronoengine.com,Male,57.232.38.142
474,Henriette,Digle,hdigled5@chronoengine.com,Female,126.52.49.236
475,Vonni,Thurske,vthursked6@360.cn,Female,13.235.17.239
476,Trace,Vedenyapin,tvedenyapind7@uol.com.br,Male,29.105.40.16
477,Normand,Ruppert,nruppertd8@sphinn.com,Male,5.162.50.101
478,Rutherford,Passby,rpassbyd9@shareasale.com,Male,125.226.62.125
479,Paolo,MacGowan,pmacgowanda@vk.com,Male,254.15.106.204
480,Nessi,Douse,ndousedb@imdb.com,Female,135.169.64.1
481,Osbert,Luney,oluneydc@ycombinator.com,Male,187.83.145.199
482,Nikolia,Mitchel,nmitcheldd@shutterfly.com,Female,93.234.81.30
483,Damara,De Malchar,ddemalcharde@furl.net,Female,157.129.132.108
484,Gifford,Samwyse,gsamwysedf@hugedomains.com,Male,12.2.160.97
485,Stinky,Musslewhite,smusslewhitedg@un.org,Male,39.20.214.54
486,Stephi,Tickner,sticknerdh@php.net,Female,235.244.220.46
487,Saw,Standen,sstandendi@bigcartel.com,Male,126.100.210.116
488,Galen,Cloake,gcloakedj@cyberchimps.com,Male,141.48.43.84
489,Ariana,Baradel,abaradeldk@lycos.com,Female,76.26.8.203
490,Carmencita,Ragborne,cragbornedl@indiegogo.com,Female,151.54.168.44
491,Florance,Pimm,fpimmdm@friendfeed.com,Female,161.160.252.102
492,Marlon,Tregidga,mtregidgadn@flickr.com,Male,156.118.173.228
493,Sharlene,Sedgwick,ssedgwickdo@mail.ru,Female,68.4.88.112
494,Cacilie,Linturn,clinturndp@1und1.de,Female,144.210.86.88
495,Dionis,Garner,dgarnerdq@com.com,Female,50.217.163.113
496,Shepperd,Manifold,smanifolddr@psu.edu,Male,76.115.139.81
497,Forster,Gooday,fgoodayds@forbes.com,Male,196.203.236.89
498,Dolley,Huriche,dhurichedt@usnews.com,Female,181.221.24.82
499,Beverlee,Petkovic,bpetkovicdu@ucoz.ru,Female,151.17.87.198
500,Alexandro,Verne,avernedv@rediff.com,Male,149.136.77.154
501,Dore,Stannett,dstannettdw@issuu.com,Female,153.10.41.61
502,Nedi,Mogey,nmogeydx@usgs.gov,Female,224.222.110.26
503,Elka,Habbema,ehabbemady@mashable.com,Female,63.14.87.99
504,Crichton,Conkie,cconkiedz@msn.com,Male,199.241.21.74
505,Connie,Tydd,ctydde0@marketwatch.com,Female,187.182.79.61
506,Veronike,Clingoe,vclingoee1@google.nl,Female,0.112.156.79
507,Dyann,Eilers,deilerse2@rakuten.co.jp,Female,75.43.176.66
508,Thekla,Guillond,tguillonde3@elegantthemes.com,Female,223.71.36.182
509,Heidie,McEntee,hmcenteee4@china.com.cn,Female,197.221.187.27
510,Sylvan,Cecchi,scecchie5@shop-pro.jp,Male,250.29.27.68
511,Shea,Kynton,skyntone6@theguardian.com,Female,18.79.53.86
512,Shepperd,Lutas,slutase7@friendfeed.com,Male,228.192.73.2
513,Cece,Coleford,ccoleforde8@fc2.com,Male,129.84.104.110
514,Lynne,Witherington,lwitheringtone9@census.gov,Female,43.220.84.140
515,Carlin,Giottoi,cgiottoiea@mozilla.org,Male,218.49.129.236
516,Sallie,Mattia,smattiaeb@bloomberg.com,Female,221.210.91.13
517,Roselin,Luparto,rlupartoec@free.fr,Female,244.237.77.121
518,Chrystel,Ackenson,cackensoned@smh.com.au,Female,236.114.19.199
519,Charmain,MacPike,cmacpikeee@ask.com,Female,65.142.170.252
520,Geneva,Leipnik,gleipnikef@elegantthemes.com,Female,46.194.154.236
521,Querida,Dymock,qdymockeg@a8.net,Female,142.178.14.178
522,Ransell,Birts,rbirtseh@ted.com,Male,209.146.170.63
523,Chiarra,Zellmer,czellmerei@spiegel.de,Female,135.79.124.159
524,Darci,Ben,dbenej@deviantart.com,Female,175.197.138.72
525,De witt,Lemm,dlemmek@wufoo.com,Male,213.12.93.238
526,Brockie,Leaning,bleaningel@upenn.edu,Male,119.224.39.59
527,Thurstan,Chasmor,tchasmorem@newsvine.com,Male,18.255.26.105
528,Fremont,Tudor,ftudoren@lycos.com,Male,50.236.24.206
529,Fee,Doughill,fdoughilleo@booking.com,Male,70.234.9.254
530,Rodolph,Fossett,rfossettep@examiner.com,Male,64.93.23.52
531,Margret,Glover,mglovereq@chronoengine.com,Female,78.243.211.114
532,Emelda,Raiman,eraimaner@unesco.org,Female,28.95.68.219
533,Helena,Zanioletti,hzanioletties@ustream.tv,Female,64.97.171.96
534,Saul,Bagworth,sbagworthet@squidoo.com,Male,178.117.93.118
535,Sergent,Cuttin,scuttineu@google.nl,Male,174.182.228.109
536,Hasty,Sharrock,hsharrockev@youtube.com,Male,97.108.38.36
537,Ewart,Roloff,eroloffew@statcounter.com,Male,198.64.165.81
538,Laurent,Biggin,lbigginex@live.com,Male,125.103.60.146
539,Merrie,Lynas,mlynasey@ucoz.ru,Female,13.143.49.249
540,Gilbert,Gudgion,ggudgionez@patch.com,Male,193.187.110.11
541,Darla,Vesty,dvestyf0@lycos.com,Female,239.96.175.193
542,Henrie,Oxer,hoxerf1@trellian.com,Female,119.32.204.54
543,Konrad,Kowalik,kkowalikf2@instagram.com,Male,228.6.212.106
544,Debbi,Davenall,ddavenallf3@furl.net,Female,228.80.189.174
545,Silvester,Kingsford,skingsfordf4@drupal.org,Male,35.11.172.174
546,Felicity,Rickman,frickmanf5@creativecommons.org,Female,167.116.129.93
547,Farica,Fillary,ffillaryf6@cyberchimps.com,Female,93.144.218.111
548,Teddy,Lanegran,tlanegranf7@typepad.com,Female,106.38.34.113
549,Tomaso,Thumnel,tthumnelf8@columbia.edu,Male,190.205.50.242
550,Lothario,Bonome,lbonomef9@domainmarket.com,Male,51.173.45.93
551,Aura,Eastment,aeastmentfa@fda.gov,Female,9.133.108.108
552,Natasha,Giabucci,ngiabuccifb@mashable.com,Female,87.165.202.128
553,Valentine,Ashbey,vashbeyfc@aboutads.info,Male,148.200.62.250
554,Nannie,Rosen,nrosenfd@uiuc.edu,Female,222.142.180.136
555,Kessiah,Edlyne,kedlynefe@mediafire.com,Female,226.6.30.180
556,Hilde,Gorden,hgordenff@github.io,Female,201.196.148.219
557,Konstantine,Glenn,kglennfg@prlog.org,Male,51.18.218.54
558,Nicky,Flello,nflellofh@is.gd,Female,70.113.172.82
559,Felike,Magrannell,fmagrannellfi@sitemeter.com,Male,198.181.229.154
560,Ave,Vardy,avardyfj@nps.gov,Male,21.232.147.25
561,Jehu,Losseljong,jlosseljongfk@sciencedirect.com,Male,68.76.138.190
562,Benetta,Brabham,bbrabhamfl@tumblr.com,Female,77.254.2.70
563,Corene,Crowder,ccrowderfm@issuu.com,Female,88.171.34.101
564,Benny,Frankling,bfranklingfn@artisteer.com,Male,153.41.227.40
565,Brander,Brahams,bbrahamsfo@1und1.de,Male,39.68.152.139
566,Pepe,Gypps,pgyppsfp@marriott.com,Male,49.58.192.67
567,Ruperto,Coneley,rconeleyfq@taobao.com,Male,53.161.125.58
568,Albert,Darko,adarkofr@domainmarket.com,Male,72.94.58.234
569,Janelle,Castelot,jcastelotfs@addtoany.com,Female,40.152.125.91
570,Etty,Lachaize,elachaizeft@admin.ch,Female,223.75.148.156
571,Sandie,Sammonds,ssammondsfu@wp.com,Female,198.122.4.254
572,Ashlie,Fairbrace,afairbracefv@forbes.com,Female,148.56.181.225
573,Tris,Leger,tlegerfw@chron.com,Male,172.188.183.195
574,Conny,Guyers,cguyersfx@salon.com,Female,82.76.179.59
575,Sigismondo,Hindmore,shindmorefy@bloomberg.com,Male,11.180.28.65
576,Nanon,Bruno,nbrunofz@bluehost.com,Female,172.113.78.12
577,Archy,Blooman,abloomang0@mtv.com,Male,165.150.113.10
578,Frasier,Vasiltsov,fvasiltsovg1@bing.com,Male,174.157.11.146
579,Quillan,Long,qlongg2@redcross.org,Male,187.148.136.125
580,Kaleb,Dike,kdikeg3@uiuc.edu,Male,205.37.169.147
581,Ernest,Tressler,etresslerg4@nationalgeographic.com,Male,109.115.11.28
582,Dolly,Fraine,dfraineg5@qq.com,Female,103.21.226.45
583,Dianna,Frewer,dfrewerg6@state.gov,Female,121.234.0.191
584,Nadine,Brosetti,nbrosettig7@furl.net,Female,140.142.120.171
585,Marietta,Pyatt,mpyattg8@weebly.com,Male,189.64.32.211
586,Grannie,Edrich,gedrichg9@google.it,Male,206.71.83.21
587,Jordan,Goodbarr,jgoodbarrga@homestead.com,Female,210.166.237.81
588,Jade,Grigore,jgrigoregb@sun.com,Female,251.113.61.78
589,Dana,Loach,dloachgc@bloglovin.com,Female,89.118.254.41
590,Whitaker,Castellaccio,wcastellacciogd@plala.or.jp,Male,53.140.237.85
591,Jephthah,O'Toole,jotoolege@imageshack.us,Male,32.180.11.28
592,Jabez,Heale,jhealegf@phoca.cz,Male,224.77.72.100
593,Victoria,Botler,vbotlergg@cpanel.net,Female,171.66.164.77
594,Paula,Roussell,proussellgh@loc.gov,Female,187.39.65.209
595,Eduard,Jossel,ejosselgi@epa.gov,Male,237.100.151.57
596,Ashlie,Fickling,aficklinggj@latimes.com,Female,10.27.255.81
597,Mariska,Northrop,mnorthropgk@bing.com,Female,168.244.213.131
598,Lin,Ratie,lratiegl@pinterest.com,Female,232.250.167.47
599,Oswell,Guiu,oguiugm@mapquest.com,Male,251.121.22.178
600,Clea,Downey,cdowneygn@cbslocal.com,Female,146.211.188.26
601,Neala,Janew,njanewgo@blog.com,Female,135.239.129.35
602,Tristam,Holburn,tholburngp@netlog.com,Male,176.205.57.235
603,Burk,Bethel,bbethelgq@cargocollective.com,Male,97.149.47.187
604,Katti,Le Marquand,klemarquandgr@hp.com,Female,99.90.36.89
605,Cyb,Leyban,cleybangs@histats.com,Female,98.214.59.255
606,Lucias,McQuarter,lmcquartergt@usda.gov,Male,72.2.171.246
607,Allina,Bedward,abedwardgu@weather.com,Female,236.248.62.240
608,Tod,Wapol,twapolgv@vkontakte.ru,Male,125.106.246.121
609,Meghan,Searston,msearstongw@storify.com,Female,194.52.121.24
610,Roland,Savatier,rsavatiergx@example.com,Male,124.168.30.170
611,Maurie,Stormont,mstormontgy@huffingtonpost.com,Male,27.70.142.25
612,Guillermo,Ingre,gingregz@fc2.com,Male,217.222.220.5
613,Melissa,Dorin,mdorinh0@tamu.edu,Female,106.211.210.140
614,Elliott,Nutkin,enutkinh1@aboutads.info,Male,149.129.79.35
615,Barry,Castello,bcastelloh2@bing.com,Female,88.0.229.227
616,Lay,Lau,llauh3@w3.org,Male,105.148.238.139
617,Nathanil,Van Baaren,nvanbaarenh4@princeton.edu,Male,207.145.104.94
618,Esme,McKeighan,emckeighanh5@mashable.com,Male,129.66.72.28
619,Izak,Bergin,iberginh6@etsy.com,Male,199.29.112.176
620,Flossi,Drioli,fdriolih7@rambler.ru,Female,24.170.228.109
621,Annecorinne,Gorvette,agorvetteh8@xing.com,Female,68.106.13.207
622,Wheeler,Beckham,wbeckhamh9@soup.io,Male,208.187.80.74
623,Eduino,Strivens,estrivensha@hao123.com,Male,71.238.191.212
624,Jimmy,Whiskerd,jwhiskerdhb@nifty.com,Male,246.149.115.36
625,Audre,Plaskett,aplasketthc@discovery.com,Female,13.151.217.155
626,Claretta,Bacop,cbacophd@myspace.com,Female,152.24.217.210
627,Reed,Darwin,rdarwinhe@cornell.edu,Male,3.64.177.248
628,Rudolf,Lambourne,rlambournehf@hatena.ne.jp,Male,70.24.9.51
629,Gianna,Batrip,gbatriphg@accuweather.com,Female,110.205.227.169
630,Ynes,Tooke,ytookehh@goo.ne.jp,Female,104.176.3.87
631,Giusto,Banbury,gbanburyhi@psu.edu,Male,171.139.100.44
632,Federica,Nunnerley,fnunnerleyhj@digg.com,Female,149.137.126.13
633,Tiffanie,Boat,tboathk@ed.gov,Female,34.117.251.254
634,Clementine,Drakeford,cdrakefordhl@hubpages.com,Female,63.110.208.227
635,Lyman,Hawtry,lhawtryhm@gmpg.org,Male,209.106.211.247
636,Gearard,Salliere,gsallierehn@wsj.com,Male,155.121.251.203
637,Tadio,Concannon,tconcannonho@aboutads.info,Male,82.172.199.14
638,Dianna,Comiskey,dcomiskeyhp@cbsnews.com,Female,57.38.153.140
639,Michaela,Phelipeaux,mphelipeauxhq@skyrock.com,Female,122.116.45.246
640,Camile,Middle,cmiddlehr@opera.com,Female,237.195.188.179
641,Agnola,Tommaseo,atommaseohs@symantec.com,Female,244.195.220.128
642,Leontine,Berthomier,lberthomierht@goodreads.com,Female,162.219.188.210
643,Mitchell,Hews,mhewshu@diigo.com,Male,254.248.79.54
644,Evelyn,O'Currine,eocurrinehv@stumbleupon.com,Female,23.206.90.157
645,Ryun,Dunmore,rdunmorehw@squidoo.com,Male,214.171.169.225
646,Kyrstin,Kleingrub,kkleingrubhx@cargocollective.com,Female,124.89.53.200
647,Eadie,Josephov,ejosephovhy@squarespace.com,Female,110.177.2.132
648,Aleen,McIlory,amciloryhz@1und1.de,Female,61.205.18.42
649,Quint,Statter,qstatteri0@youtu.be,Male,221.179.3.1
650,Cassandre,Ambler,cambleri1@twitter.com,Female,51.38.227.50
651,Virge,McPaik,vmcpaiki2@free.fr,Male,85.151.16.83
652,Rodi,Finlaison,rfinlaisoni3@ow.ly,Female,118.106.109.165
653,Spencer,Bottjer,sbottjeri4@cargocollective.com,Male,62.255.12.177
654,Kalina,Shaudfurth,kshaudfurthi5@usatoday.com,Female,110.30.139.245
655,Lynsey,Tackett,ltacketti6@mtv.com,Female,197.135.47.76
656,Gifford,Dietmar,gdietmari7@loc.gov,Male,160.29.95.236
657,Jameson,Kiloh,jkilohi8@xing.com,Male,80.147.234.29
658,Judith,Castano,jcastanoi9@wikimedia.org,Female,221.191.173.96
659,Tobie,Kilgallon,tkilgallonia@ustream.tv,Male,84.72.148.197
660,Zulema,Ashlee,zashleeib@baidu.com,Female,113.164.83.57
661,Laetitia,McCoole,lmccooleic@psu.edu,Female,174.30.102.142
662,Jennie,McGall,jmcgallid@chron.com,Female,133.171.255.71
663,Dominik,Strelitzki,dstrelitzkiie@soup.io,Male,140.133.105.226
664,Nevsa,Lightowler,nlightowlerif@senate.gov,Female,241.174.167.76
665,Willyt,Madgett,wmadgettig@parallels.com,Female,45.57.127.27
666,Silas,Mountjoy,smountjoyih@ucoz.ru,Male,31.50.116.33
667,Elayne,Hallet,ehalletii@domainmarket.com,Female,45.178.254.87
668,Daile,Lammas,dlammasij@squidoo.com,Female,123.95.233.14
669,Orren,O' Loughran,ooloughranik@nymag.com,Male,178.74.146.14
670,Cordelia,Baker,cbakeril@uiuc.edu,Female,229.34.114.113
671,Benni,Robker,brobkerim@hugedomains.com,Female,10.80.211.154
672,Shanan,Sebley,ssebleyin@bluehost.com,Male,154.75.218.216
673,Burgess,Rolfs,brolfsio@epa.gov,Male,86.144.10.183
674,Lenee,Danzig,ldanzigip@dion.ne.jp,Female,180.11.37.93
675,Win,Wint,wwintiq@reddit.com,Male,91.187.128.218
676,Shelia,Buckland,sbucklandir@diigo.com,Female,88.10.108.163
677,Sherri,Withringten,swithringtenis@ftc.gov,Female,238.161.145.109
678,Tymon,Brundell,tbrundellit@technorati.com,Male,16.104.14.194
679,Brynn,Alexander,balexanderiu@omniture.com,Female,221.224.63.210
680,Merwin,Schafer,mschaferiv@edublogs.org,Male,24.174.98.7
681,Lorens,Scrowton,lscrowtoniw@twitter.com,Male,0.157.111.206
682,Ewell,Tofano,etofanoix@skype.com,Male,146.143.232.128
683,Allx,Durkin,adurkiniy@discovery.com,Female,254.37.236.134
684,Wrennie,Bortoluzzi,wbortoluzziiz@paypal.com,Female,0.114.218.158
685,Rickard,Robertshaw,rrobertshawj0@cbc.ca,Male,24.125.87.24
686,Casar,Anan,cananj1@jigsy.com,Male,131.94.117.204
687,Ulrika,Yarnley,uyarnleyj2@devhub.com,Female,102.210.67.171
688,Kile,Skippon,kskipponj3@hc360.com,Male,4.204.116.39
689,Esma,Kellaway,ekellawayj4@linkedin.com,Female,43.177.48.67
690,Jakob,Newe,jnewej5@google.co.uk,Male,46.208.35.68
691,Kelcey,MacKibbon,kmackibbonj6@archive.org,Female,182.183.234.28
692,Caspar,Klimkowski,cklimkowskij7@engadget.com,Male,32.96.85.100
693,Benoit,Bubbear,bbubbearj8@instagram.com,Male,39.121.176.22
694,Othilia,Saller,osallerj9@nifty.com,Female,7.39.27.147
695,Jilly,Gerardet,jgerardetja@paypal.com,Female,245.230.209.203
696,Kaylil,Streatley,kstreatleyjb@bloglines.com,Female,20.238.233.154
697,Sindee,Novik,snovikjc@wikia.com,Female,53.224.18.142
698,Emmey,World,eworldjd@japanpost.jp,Female,231.64.232.249
699,Shalom,Corten,scortenje@vistaprint.com,Male,39.170.27.101
700,Constantino,Menault,cmenaultjf@goodreads.com,Male,161.6.87.214
701,Welch,Zuenelli,wzuenellijg@networkadvertising.org,Male,89.162.11.131
702,Barnie,Chater,bchaterjh@state.gov,Male,156.248.142.66
703,Franny,Meehan,fmeehanji@google.com.hk,Female,197.66.210.145
704,Nickola,Prettejohns,nprettejohnsjj@sitemeter.com,Male,5.191.16.229
705,Floyd,Rodolf,frodolfjk@edublogs.org,Male,66.107.156.125
706,Harcourt,Fossett,hfossettjl@lulu.com,Male,143.12.205.4
707,Libbey,Roxby,lroxbyjm@washingtonpost.com,Female,199.119.60.82
708,Dorine,Swancock,dswancockjn@eventbrite.com,Female,250.23.245.179
709,Jim,Soans,jsoansjo@slideshare.net,Male,14.53.79.188
710,Waneta,Glasper,wglasperjp@economist.com,Female,186.144.135.125
711,Sherill,Ruvel,sruveljq@psu.edu,Female,114.254.134.96
712,Valry,Melpuss,vmelpussjr@addtoany.com,Female,36.121.184.92
713,Billie,Siaskowski,bsiaskowskijs@devhub.com,Male,2.16.210.129
714,Louisa,McGrouther,lmcgroutherjt@sphinn.com,Female,61.67.134.135
715,Eduardo,Messent,emessentju@pcworld.com,Male,187.41.32.108
716,Ber,Vedyasov,bvedyasovjv@cdc.gov,Male,60.219.54.235
717,Annabell,Castanyer,acastanyerjw@craigslist.org,Female,209.66.238.212
718,Margarette,Bremner,mbremnerjx@ucoz.ru,Female,212.75.240.201
719,Charlotta,Grouvel,cgrouveljy@noaa.gov,Female,13.101.122.230
720,Julienne,Sayward,jsaywardjz@wsj.com,Female,176.40.237.184
721,Theodoric,Geraldini,tgeraldinik0@buzzfeed.com,Male,161.28.248.168
722,Danna,Fiander,dfianderk1@rediff.com,Female,94.76.11.164
723,Norine,Tobias,ntobiask2@wp.com,Female,252.109.106.102
724,Kirk,Scullion,kscullionk3@telegraph.co.uk,Male,153.233.108.115
725,Beatrice,Strase,bstrasek4@china.com.cn,Female,52.78.18.49
726,Horton,Dorkens,hdorkensk5@qq.com,Male,69.233.2.165
727,Raynard,Ianittello,rianittellok6@weibo.com,Male,39.69.91.228
728,Arch,Benardet,abenardetk7@flavors.me,Male,147.197.125.83
729,Ali,Levensky,alevenskyk8@wufoo.com,Male,123.179.183.160
730,Illa,Cornner,icornnerk9@dailymail.co.uk,Female,140.217.94.42
731,Pete,McCrackan,pmccrackanka@technorati.com,Male,6.34.214.126
732,Nani,Sissot,nsissotkb@gov.uk,Female,227.232.108.42
733,Meier,Turnell,mturnellkc@google.de,Male,52.242.189.140
734,Ryun,Metzing,rmetzingkd@topsy.com,Male,235.255.94.133
735,Adoree,Blanning,ablanningke@networkadvertising.org,Female,225.102.247.81
736,Dom,Biddlecombe,dbiddlecombekf@constantcontact.com,Male,215.177.211.242
737,Towney,Jammes,tjammeskg@1688.com,Male,77.26.82.77
738,Joel,Wintour,jwintourkh@wufoo.com,Male,91.136.86.197
739,Cos,Pattlel,cpattlelki@odnoklassniki.ru,Male,4.96.128.62
740,Sibby,Robus,srobuskj@earthlink.net,Female,201.222.177.20
741,Merci,Marc,mmarckk@google.pl,Female,206.58.111.95
742,Jeramie,Tuxwell,jtuxwellkl@1und1.de,Male,199.183.235.194
743,Buiron,Doige,bdoigekm@dailymotion.com,Male,3.54.224.185
744,Dorine,Geall,dgeallkn@ocn.ne.jp,Female,113.248.37.87
745,Elaine,Donson,edonsonko@godaddy.com,Female,121.132.130.35
746,Gun,Wapol,gwapolkp@mayoclinic.com,Male,53.128.80.136
747,Brooke,Chalmers,bchalmerskq@prnewswire.com,Female,106.116.221.201
748,Janine,Girdlestone,jgirdlestonekr@cafepress.com,Female,171.77.59.139
749,Arabele,Rabbatts,arabbattsks@webeden.co.uk,Female,178.188.239.161
750,Edvard,McGregor,emcgregorkt@tumblr.com,Male,67.58.84.199
751,Warner,Bearns,wbearnsku@xing.com,Male,121.7.116.170
752,Haley,Pickover,hpickoverkv@dailymail.co.uk,Female,111.75.28.219
753,Brett,Dik,bdikkw@smh.com.au,Male,78.204.91.197
754,Virge,Smewin,vsmewinkx@cbslocal.com,Male,95.205.147.13
755,Breanne,Boulden,bbouldenky@liveinternet.ru,Female,81.145.243.224
756,Millicent,Ironmonger,mironmongerkz@indiegogo.com,Female,67.9.88.53
757,Caz,Badrock,cbadrockl0@nymag.com,Male,26.82.64.83
758,Neils,Aleswell,naleswelll1@theatlantic.com,Male,91.7.145.221
759,Corette,Wildin,cwildinl2@google.ca,Female,8.195.10.248
760,Sylas,MacLucais,smaclucaisl3@fastcompany.com,Male,38.71.196.184
761,Danila,Patters,dpattersl4@nydailynews.com,Female,171.213.95.44
762,Enrico,Iacomi,eiacomil5@state.tx.us,Male,78.105.32.43
763,Yolanda,MacKeogh,ymackeoghl6@ask.com,Female,111.254.67.44
764,Izak,Seller,isellerl7@tamu.edu,Male,105.185.244.47
765,Gipsy,Leveret,gleveretl8@shop-pro.jp,Female,37.225.248.152
766,Zolly,Tomaszewski,ztomaszewskil9@simplemachines.org,Male,204.121.145.176
767,Kahaleel,Burkwood,kburkwoodla@oaic.gov.au,Male,137.82.215.195
768,Fina,Margrie,fmargrielb@ehow.com,Female,214.77.145.11
769,Muffin,Clackers,mclackerslc@cdbaby.com,Female,181.215.247.176
770,Nert,Bane,nbaneld@unc.edu,Female,109.250.26.45
771,Carmon,Ratnage,cratnagele@google.com.au,Female,56.131.152.5
772,Prudence,Walbridge,pwalbridgelf@bbb.org,Female,76.0.18.143
773,Cristen,Stronghill,cstronghilllg@smh.com.au,Female,158.159.105.119
774,Sophronia,Herries,sherrieslh@businessinsider.com,Female,129.72.54.61
775,Bettina,Henri,bhenrili@live.com,Female,126.170.98.185
776,Putnem,Godbold,pgodboldlj@weather.com,Male,46.67.56.123
777,Neila,Goodlatt,ngoodlattlk@indiatimes.com,Female,166.175.189.131
778,Matthew,Witty,mwittyll@tripadvisor.com,Male,107.98.107.201
779,Diandra,Worthy,dworthylm@disqus.com,Female,105.36.43.244
780,Brock,Pike,bpikeln@storify.com,Male,105.69.203.118
781,Karlis,Quare,kquarelo@pagesperso-orange.fr,Male,230.183.118.239
782,Deedee,Lasselle,dlassellelp@cpanel.net,Female,12.121.202.228
783,Arthur,Keating,akeatinglq@hc360.com,Male,17.245.98.180
784,Emery,Jilliss,ejillisslr@opera.com,Male,144.152.255.121
785,Alvera,Tabbernor,atabbernorls@mysql.com,Female,50.2.202.238
786,Stan,Clouston,scloustonlt@pinterest.com,Male,6.104.150.142
787,Fredelia,Durning,fdurninglu@scribd.com,Female,62.234.21.33
788,Drugi,Rodenburg,drodenburglv@typepad.com,Male,172.185.190.105
789,Lyda,Chinn,lchinnlw@github.com,Female,13.122.158.110
790,Courtnay,Moulder,cmoulderlx@sciencedirect.com,Male,183.9.17.32
791,Thedric,Easterfield,teasterfieldly@acquirethisname.com,Male,126.116.238.125
792,Peyter,Le feaver,plefeaverlz@elegantthemes.com,Male,132.96.50.75
793,Dannie,Parkhouse,dparkhousem0@paypal.com,Male,180.135.182.25
794,Minetta,Kovelmann,mkovelmannm1@smh.com.au,Female,68.58.252.123
795,Bevon,Ramstead,bramsteadm2@umich.edu,Male,177.221.135.42
796,Leeland,Eyer,leyerm3@nytimes.com,Male,242.56.177.107
797,Jilly,Sewart,jsewartm4@elegantthemes.com,Female,190.252.24.111
798,Elspeth,Dowry,edowrym5@jugem.jp,Female,166.161.142.103
799,Thorin,Vassar,tvassarm6@booking.com,Male,62.90.180.58
800,Odele,Roake,oroakem7@scribd.com,Female,180.44.144.135
801,Brook,Speerman,bspeermanm8@alibaba.com,Male,199.142.34.197
802,Dud,Foort,dfoortm9@europa.eu,Male,57.118.205.135
803,Gary,Danielis,gdanielisma@wiley.com,Male,33.248.62.43
804,Rachelle,Moreinis,rmoreinismb@wikimedia.org,Female,180.148.70.191
805,Lynn,Drioli,ldriolimc@foxnews.com,Male,151.164.246.132
806,Jerrilee,Yurchishin,jyurchishinmd@seattletimes.com,Female,234.94.80.21
807,Danielle,Phillipp,dphillippme@netscape.com,Female,57.121.255.71
808,Clair,Barosch,cbaroschmf@oakley.com,Female,57.74.67.216
809,Gilbertine,Luckman,gluckmanmg@bloglovin.com,Female,164.131.215.162
810,Basilio,Calf,bcalfmh@123-reg.co.uk,Male,71.15.103.247
811,Megan,Paddell,mpaddellmi@youtu.be,Female,186.128.124.21
812,Neila,Ebbrell,nebbrellmj@techcrunch.com,Female,46.230.16.64
813,Celie,Hughill,chughillmk@smh.com.au,Female,50.197.174.100
814,Bertrando,Berens,bberensml@simplemachines.org,Male,177.27.234.245
815,Marci,Willox,mwilloxmm@sun.com,Female,54.194.58.75
816,Eryn,Fernez,efernezmn@sfgate.com,Female,154.86.218.4
817,Adolpho,Heintsch,aheintschmo@cafepress.com,Male,48.36.223.47
818,Roseanna,Moultrie,rmoultriemp@nyu.edu,Female,95.187.228.98
819,Boony,Steinson,bsteinsonmq@a8.net,Male,179.180.106.77
820,Jessie,Sneller,jsnellermr@slate.com,Female,164.238.115.41
821,Beauregard,Boulton,bboultonms@skyrock.com,Male,226.102.4.235
822,Maye,Vigne,mvignemt@wikia.com,Female,28.46.200.94
823,Welsh,Harhoff,wharhoffmu@google.ru,Male,160.92.228.14
824,Clarisse,Andras,candrasmv@independent.co.uk,Female,13.203.139.17
825,Kylen,Lindores,klindoresmw@sbwire.com,Female,207.148.28.61
826,Sharl,Hyam,shyammx@gmpg.org,Female,139.184.116.219
827,Ruthann,Kanzler,rkanzlermy@tuttocitta.it,Female,235.222.119.71
828,Felic,Harkins,fharkinsmz@w3.org,Male,34.61.6.133
829,Obidiah,Dahlbom,odahlbomn0@is.gd,Male,247.196.189.22
830,Eddie,Marsh,emarshn1@ted.com,Male,183.247.83.58
831,Margy,O'Kynsillaghe,mokynsillaghen2@ebay.com,Female,250.45.58.112
832,Isahella,Wheelband,iwheelbandn3@sina.com.cn,Female,37.141.158.212
833,Rozanna,Otteridge,rotteridgen4@yellowpages.com,Female,173.108.79.145
834,Trevar,Reavey,treaveyn5@bandcamp.com,Male,174.54.230.233
835,Sonja,Boughey,sbougheyn6@lulu.com,Female,141.66.5.88
836,Fianna,Qualtrough,fqualtroughn7@fastcompany.com,Female,165.226.72.223
837,Lem,Pigford,lpigfordn8@barnesandnoble.com,Male,75.144.12.219
838,Fitzgerald,Divver,fdivvern9@wordpress.org,Male,14.223.36.72
839,Josy,Sturrock,jsturrockna@tuttocitta.it,Female,108.22.224.145
840,Jefferey,Lamberton,jlambertonnb@dailymail.co.uk,Male,138.147.180.158
841,Hildegaard,Casewell,hcasewellnc@hud.gov,Female,182.105.189.172
842,Nickolai,Sandcraft,nsandcraftnd@chronoengine.com,Male,93.61.247.251
843,Alessandro,Lanceley,alanceleyne@woothemes.com,Male,142.56.191.209
844,Sven,Kix,skixnf@hhs.gov,Male,75.79.97.6
845,Eileen,Mollindinia,emollindiniang@squarespace.com,Female,118.113.198.70
846,Lyman,Craigie,lcraigienh@example.com,Male,173.2.140.161
847,Obie,Kennan,okennanni@photobucket.com,Male,131.147.26.57
848,Emmaline,Blakeden,eblakedennj@slashdot.org,Female,10.54.61.49
849,Torrie,Janse,tjansenk@livejournal.com,Female,134.7.225.126
850,Ava,Priel,aprielnl@google.es,Female,92.233.16.32
851,Aylmer,Ausiello,aausiellonm@dailymotion.com,Male,118.59.79.20
852,Lavena,Chmarny,lchmarnynn@github.com,Female,146.239.17.216
853,Petr,Vogt,pvogtno@google.com.hk,Male,218.149.25.120
854,Hestia,Innis,hinnisnp@biblegateway.com,Female,61.79.1.93
855,Gael,Wilsone,gwilsonenq@cmu.edu,Male,104.173.181.172
856,Rheba,Rubrow,rrubrownr@zdnet.com,Female,94.137.45.252
857,Mathilda,Dyshart,mdyshartns@stumbleupon.com,Female,12.201.152.8
858,George,Insole,ginsolent@naver.com,Male,113.178.158.249
859,Evelyn,Lewtey,elewteynu@plala.or.jp,Female,129.171.62.31
860,Freddy,Paylie,fpaylienv@t-online.de,Female,105.181.250.19
861,Keefe,Uman,kumannw@nationalgeographic.com,Male,233.27.181.226
862,Agna,McCuish,amccuishnx@google.ca,Female,208.139.158.23
863,Hill,Patnelli,hpatnelliny@noaa.gov,Male,19.82.221.151
864,Harriet,Stubbings,hstubbingsnz@zimbio.com,Female,10.192.207.222
865,Sonny,Hatzar,shatzaro0@arizona.edu,Male,129.209.101.8
866,Keary,Braunter,kbrauntero1@nih.gov,Male,64.145.186.126
867,Bunny,Fazackerley,bfazackerleyo2@prnewswire.com,Female,105.19.146.192
868,Sam,Stourton,sstourtono3@arizona.edu,Female,203.251.4.248
869,Nil,Hudghton,nhudghtono4@disqus.com,Male,95.7.227.252
870,Regen,Laurentin,rlaurentino5@hibu.com,Male,67.228.172.180
871,Link,Corless,lcorlesso6@cbslocal.com,Male,70.171.82.225
872,Tanitansy,Banisch,tbanischo7@mediafire.com,Female,157.104.140.11
873,Simone,Iwaszkiewicz,siwaszkiewiczo8@dailymail.co.uk,Female,109.224.118.111
874,Andrea,Aire,aaireo9@deliciousdays.com,Female,57.31.160.39
875,Geoff,Grattan,ggrattanoa@newyorker.com,Male,239.138.155.222
876,Keri,Rotchell,krotchellob@sun.com,Female,121.118.82.145
877,Findlay,Muff,fmuffoc@cam.ac.uk,Male,218.99.219.79
878,Franchot,Forrestor,fforrestorod@jalbum.net,Male,23.216.207.17
879,Ralph,Guillerman,rguillermanoe@biglobe.ne.jp,Male,187.26.41.102
880,Samara,Kachel,skachelof@simplemachines.org,Female,159.41.65.72
881,Pierce,Greve,pgreveog@wufoo.com,Male,41.251.205.186
882,Carina,Allright,callrightoh@macromedia.com,Female,64.119.242.231
883,Corrine,Lemary,clemaryoi@instagram.com,Female,192.52.9.6
884,Boot,Hirsthouse,bhirsthouseoj@umn.edu,Male,195.9.52.180
885,Cesare,Hasted,chastedok@examiner.com,Male,48.72.201.189
886,Brigida,Louder,blouderol@soup.io,Female,178.234.173.41
887,Jolynn,McLanachan,jmclanachanom@cornell.edu,Female,213.200.240.209
888,Renata,Fance,rfanceon@ocn.ne.jp,Female,82.108.236.82
889,Beatriz,Bartelet,bbarteletoo@cafepress.com,Female,201.136.120.181
890,Mariele,Kirckman,mkirckmanop@answers.com,Female,39.163.246.29
891,Rasla,Giacovetti,rgiacovettioq@netvibes.com,Female,27.19.36.99
892,Frank,Megainey,fmegaineyor@artisteer.com,Male,121.85.156.88
893,Nicolas,Jarrelt,njarreltos@baidu.com,Male,97.49.165.67
894,Farrand,Cherry,fcherryot@wufoo.com,Female,236.215.216.170
895,Jammie,Haxby,jhaxbyou@msn.com,Female,130.107.248.235
896,Astrid,Chown,achownov@ustream.tv,Female,0.67.114.15
897,Lotte,Flott,lflottow@bing.com,Female,200.101.26.246
898,Jeremy,Doel,jdoelox@surveymonkey.com,Male,7.210.127.166
899,Ware,Szapiro,wszapirooy@cargocollective.com,Male,102.212.38.92
900,Lanette,Baglan,lbaglanoz@discovery.com,Female,141.1.122.176
901,Fara,Quarless,fquarlessp0@fotki.com,Female,106.124.214.106
902,Amandy,Scarlon,ascarlonp1@europa.eu,Female,17.90.216.107
903,Banky,Balogh,bbaloghp2@google.com.br,Male,187.8.177.200
904,Farrah,Stebbing,fstebbingp3@google.es,Female,227.230.87.98
905,Agatha,Butchers,abutchersp4@biblegateway.com,Female,250.48.39.46
906,Andrej,Firidolfi,afiridolfip5@nydailynews.com,Male,143.39.234.78
907,Lyell,Bousfield,lbousfieldp6@kickstarter.com,Male,210.49.25.126
908,Ofelia,Kalkhoven,okalkhovenp7@newsvine.com,Female,35.250.78.111
909,Raff,Gutteridge,rgutteridgep8@joomla.org,Male,255.238.198.83
910,Taddeusz,Odgers,todgersp9@boston.com,Male,42.213.141.126
911,Jenilee,Figger,jfiggerpa@bloglovin.com,Female,56.2.197.251
912,Jake,Dripps,jdrippspb@pagesperso-orange.fr,Male,195.234.204.164
913,Justin,Druery,jdruerypc@microsoft.com,Male,54.155.99.162
914,Fred,Smillie,fsmilliepd@indiegogo.com,Female,195.11.28.181
915,Shem,Donner,sdonnerpe@google.nl,Male,90.155.215.139
916,Waylon,Armor,warmorpf@free.fr,Male,63.73.36.177
917,Nilson,Garci,ngarcipg@army.mil,Male,245.27.106.180
918,Tierney,Dendle,tdendleph@ucoz.com,Female,119.215.100.55
919,Corbet,Clausner,cclausnerpi@printfriendly.com,Male,166.240.137.34
920,Baxie,Debrick,bdebrickpj@dailymotion.com,Male,178.18.61.54
921,Gillan,Baser,gbaserpk@cnbc.com,Female,222.245.134.139
922,Kingsly,Pude,kpudepl@usa.gov,Male,187.207.139.165
923,Joelie,Chestnutt,jchestnuttpm@hp.com,Female,87.56.1.25
924,Arabelle,Brunone,abrunonepn@biblegateway.com,Female,153.88.205.185
925,Kayle,Cokly,kcoklypo@desdev.cn,Female,192.59.138.6
926,Milton,Cattell,mcattellpp@twitpic.com,Male,28.17.166.221
927,Berny,Catley,bcatleypq@gizmodo.com,Male,77.249.31.199
928,Rosalie,Fibbings,rfibbingspr@ucla.edu,Female,197.8.62.192
929,Rurik,Covotti,rcovottips@cisco.com,Male,42.123.222.254
930,Itch,Kissell,ikissellpt@goo.gl,Male,81.249.143.210
931,Zeb,Tudge,ztudgepu@wikipedia.org,Male,186.152.78.206
932,Abby,Startin,astartinpv@lulu.com,Male,149.160.142.242
933,Licha,Lafee,llafeepw@dailymail.co.uk,Female,189.32.254.247
934,Benjy,Rantoull,brantoullpx@slideshare.net,Male,253.102.223.244
935,Leone,Mathon,lmathonpy@ehow.com,Female,165.240.134.106
936,Fayette,Courtman,fcourtmanpz@merriam-webster.com,Female,158.47.58.197
937,Birgit,Aumerle,baumerleq0@paypal.com,Female,232.49.100.0
938,Webster,Heball,wheballq1@latimes.com,Male,40.83.28.63
939,Derrek,Giacomuzzi,dgiacomuzziq2@cam.ac.uk,Male,237.24.17.166
940,Reamonn,Millions,rmillionsq3@vistaprint.com,Male,69.156.18.166
941,Wally,Kopec,wkopecq4@washingtonpost.com,Male,152.45.126.203
942,Nettie,Hanigan,nhaniganq5@google.com.hk,Female,42.168.129.181
943,Kalvin,Sillars,ksillarsq6@is.gd,Male,11.215.248.71
944,Peter,Christensen,pchristensenq7@behance.net,Male,204.34.243.99
945,Pincas,Kohlerman,pkohlermanq8@parallels.com,Male,227.1.63.209
946,Farrel,Januszewicz,fjanuszewiczq9@mashable.com,Male,93.207.55.178
947,Frannie,Dartnall,fdartnallqa@plala.or.jp,Female,108.229.74.71
948,Jamaal,Reddington,jreddingtonqb@odnoklassniki.ru,Male,249.38.222.67
949,Gwyneth,Leversuch,gleversuchqc@tinypic.com,Female,20.173.223.49
950,Nada,Venner,nvennerqd@vimeo.com,Female,236.191.232.99
951,Anthea,Sommerland,asommerlandqe@discuz.net,Female,181.141.216.32
952,Tobi,MacCoveney,tmaccoveneyqf@umn.edu,Female,57.111.120.227
953,Bartolemo,McClory,bmccloryqg@nbcnews.com,Male,202.186.12.2
954,Silva,Probbing,sprobbingqh@wsj.com,Female,156.195.94.189
955,Rickie,O'Mahoney,romahoneyqi@domainmarket.com,Female,171.50.216.32
956,Etty,Bilt,ebiltqj@wikispaces.com,Female,91.168.132.161
957,Tiffy,Folger,tfolgerqk@flavors.me,Female,70.65.59.82
958,Hussein,Kestle,hkestleql@dell.com,Male,110.95.119.173
959,Hugibert,Gooms,hgoomsqm@eventbrite.com,Male,231.29.227.62
960,Shir,Fallowfield,sfallowfieldqn@drupal.org,Female,145.158.85.110
961,Carson,Bartholin,cbartholinqo@redcross.org,Male,174.229.147.157
962,Teddie,Stobbes,tstobbesqp@ucla.edu,Female,86.252.156.97
963,Flem,Tedahl,ftedahlqq@toplist.cz,Male,185.177.157.128
964,Shelby,Deveraux,sdeverauxqr@1688.com,Male,234.85.151.224
965,Early,Ivatts,eivattsqs@mashable.com,Male,47.30.241.57
966,Elonore,D'Abbot-Doyle,edabbotdoyleqt@ucoz.com,Female,123.93.85.44
967,Wash,Mcwhinnie,wmcwhinniequ@opensource.org,Male,126.126.215.63
968,Ailis,Studd,astuddqv@php.net,Female,117.87.68.115
969,Sarine,Secretan,ssecretanqw@loc.gov,Female,25.240.41.48
970,Elwood,Ginger,egingerqx@patch.com,Male,237.192.137.78
971,Stacy,Farnie,sfarnieqy@engadget.com,Male,15.162.51.41
972,Kalvin,Mazzia,kmazziaqz@mayoclinic.com,Male,52.123.232.239
973,Penni,Whifen,pwhifenr0@hibu.com,Female,33.106.215.232
974,Zachery,Jelf,zjelfr1@tripod.com,Male,82.136.254.151
975,Damita,Frankcomb,dfrankcombr2@tuttocitta.it,Female,13.39.33.69
976,Gunilla,Blackater,gblackaterr3@abc.net.au,Female,143.132.177.94
977,Antonio,McCrackan,amccrackanr4@mapy.cz,Male,248.203.51.179
978,Rikki,Grisenthwaite,rgrisenthwaiter5@merriam-webster.com,Female,205.46.54.222
979,Heidi,Anglish,hanglishr6@squarespace.com,Female,98.173.212.237
980,Martin,Hudson,mhudsonr7@google.co.uk,Male,67.108.75.101
981,Engelbert,Olcot,eolcotr8@house.gov,Male,174.149.100.231
982,Junette,Wasbrough,jwasbroughr9@pcworld.com,Female,67.239.20.31
983,Evan,Myderscough,emyderscoughra@addthis.com,Male,120.44.57.236
984,Terra,Skaid,tskaidrb@marketwatch.com,Female,173.129.68.224
985,Tully,Mc Giffin,tmcgiffinrc@deviantart.com,Male,250.113.194.87
986,Curr,Freear,cfreearrd@geocities.com,Male,92.128.39.54
987,Elmo,Waye,ewayere@example.com,Male,142.237.26.103
988,Fredi,Bignell,fbignellrf@networksolutions.com,Female,155.250.98.173
989,Regina,Eberle,reberlerg@yellowbook.com,Female,155.66.183.238
990,Emelyne,Patient,epatientrh@bbb.org,Female,168.49.79.214
991,Norbert,Benbow,nbenbowri@state.tx.us,Male,199.110.173.173
992,Neall,Blaskett,nblaskettrj@unblog.fr,Male,130.117.126.148
993,Abner,Killelea,akilleleark@google.it,Male,159.155.58.236
994,Lexis,Hew,lhewrl@ifeng.com,Female,55.50.243.202
995,Halley,Eyckelbeck,heyckelbeckrm@taobao.com,Female,196.97.117.54
996,Thadeus,Shrubsall,tshrubsallrn@ftc.gov,Male,97.221.82.233
997,Sayer,Loxly,sloxlyro@sun.com,Male,108.20.56.169
998,Margeaux,Tansey,mtanseyrp@qq.com,Female,27.144.93.104
999,Dell,Smewing,dsmewingrq@sourceforge.net,Female,177.38.118.190
1000,Lesley,Edwards,ledwardsrr@yellowbook.com,Female,160.151.85.150
